calendar_id,trade_date,year,month,day,day_of_week,quarter,is_month_end
1,2019-01-02,2019,1,2,Wednesday,1,False
2,2019-01-03,2019,1,3,Thursday,1,False
3,2019-01-04,2019,1,4,Friday,1,False
4,2019-01-07,2019,1,7,Monday,1,False
5,2019-01-08,2019,1,8,Tuesday,1,False
6,2019-01-09,2019,1,9,Wednesday,1,False
7,2019-01-10,2019,1,10,Thursday,1,False
8,2019-01-11,2019,1,11,Friday,1,False
9,2019-01-14,2019,1,14,Monday,1,False
10,2019-01-15,2019,1,15,Tuesday,1,False
11,2019-01-16,2019,1,16,Wednesday,1,False
12,2019-01-17,2019,1,17,Thursday,1,False
13,2019-01-18,2019,1,18,Friday,1,False
14,2019-01-22,2019,1,22,Tuesday,1,False
15,2019-01-23,2019,1,23,Wednesday,1,False
16,2019-01-24,2019,1,24,Thursday,1,False
17,2019-01-25,2019,1,25,Friday,1,False
18,2019-01-28,2019,1,28,Monday,1,False
19,2019-01-29,2019,1,29,Tuesday,1,False
20,2019-01-30,2019,1,30,Wednesday,1,False
21,2019-01-31,2019,1,31,Thursday,1,True
22,2019-02-01,2019,2,1,Friday,1,False
23,2019-02-04,2019,2,4,Monday,1,False
24,2019-02-05,2019,2,5,Tuesday,1,False
25,2019-02-06,2019,2,6,Wednesday,1,False
26,2019-02-07,2019,2,7,Thursday,1,False
27,2019-02-08,2019,2,8,Friday,1,False
28,2019-02-11,2019,2,11,Monday,1,False
29,2019-02-12,2019,2,12,Tuesday,1,False
30,2019-02-13,2019,2,13,Wednesday,1,False
31,2019-02-14,2019,2,14,Thursday,1,False
32,2019-02-15,2019,2,15,Friday,1,False
33,2019-02-19,2019,2,19,Tuesday,1,False
34,2019-02-20,2019,2,20,Wednesday,1,False
35,2019-02-21,2019,2,21,Thursday,1,False
36,2019-02-22,2019,2,22,Friday,1,False
37,2019-02-25,2019,2,25,Monday,1,False
38,2019-02-26,2019,2,26,Tuesday,1,False
39,2019-02-27,2019,2,27,Wednesday,1,False
40,2019-02-28,2019,2,28,Thursday,1,True
41,2019-03-01,2019,3,1,Friday,1,False
42,2019-03-04,2019,3,4,Monday,1,False
43,2019-03-05,2019,3,5,Tuesday,1,False
44,2019-03-06,2019,3,6,Wednesday,1,False
45,2019-03-07,2019,3,7,Thursday,1,False
46,2019-03-08,2019,3,8,Friday,1,False
47,2019-03-11,2019,3,11,Monday,1,False
48,2019-03-12,2019,3,12,Tuesday,1,False
49,2019-03-13,2019,3,13,Wednesday,1,False
50,2019-03-14,2019,3,14,Thursday,1,False
51,2019-03-15,2019,3,15,Friday,1,False
52,2019-03-18,2019,3,18,Monday,1,False
53,2019-03-19,2019,3,19,Tuesday,1,False
54,2019-03-20,2019,3,20,Wednesday,1,False
55,2019-03-21,2019,3,21,Thursday,1,False
56,2019-03-22,2019,3,22,Friday,1,False
57,2019-03-25,2019,3,25,Monday,1,False
58,2019-03-26,2019,3,26,Tuesday,1,False
59,2019-03-27,2019,3,27,Wednesday,1,False
60,2019-03-28,2019,3,28,Thursday,1,False
61,2019-03-29,2019,3,29,Friday,1,False
62,2019-04-01,2019,4,1,Monday,2,False
63,2019-04-02,2019,4,2,Tuesday,2,False
64,2019-04-03,2019,4,3,Wednesday,2,False
65,2019-04-04,2019,4,4,Thursday,2,False
66,2019-04-05,2019,4,5,Friday,2,False
67,2019-04-08,2019,4,8,Monday,2,False
68,2019-04-09,2019,4,9,Tuesday,2,False
69,2019-04-10,2019,4,10,Wednesday,2,False
70,2019-04-11,2019,4,11,Thursday,2,False
71,2019-04-12,2019,4,12,Friday,2,False
72,2019-04-15,2019,4,15,Monday,2,False
73,2019-04-16,2019,4,16,Tuesday,2,False
74,2019-04-17,2019,4,17,Wednesday,2,False
75,2019-04-18,2019,4,18,Thursday,2,False
76,2019-04-22,2019,4,22,Monday,2,False
77,2019-04-23,2019,4,23,Tuesday,2,False
78,2019-04-24,2019,4,24,Wednesday,2,False
79,2019-04-25,2019,4,25,Thursday,2,False
80,2019-04-26,2019,4,26,Friday,2,False
81,2019-04-29,2019,4,29,Monday,2,False
82,2019-04-30,2019,4,30,Tuesday,2,True
83,2019-05-01,2019,5,1,Wednesday,2,False
84,2019-05-02,2019,5,2,Thursday,2,False
85,2019-05-03,2019,5,3,Friday,2,False
86,2019-05-06,2019,5,6,Monday,2,False
87,2019-05-07,2019,5,7,Tuesday,2,False
88,2019-05-08,2019,5,8,Wednesday,2,False
89,2019-05-09,2019,5,9,Thursday,2,False
90,2019-05-10,2019,5,10,Friday,2,False
91,2019-05-13,2019,5,13,Monday,2,False
92,2019-05-14,2019,5,14,Tuesday,2,False
93,2019-05-15,2019,5,15,Wednesday,2,False
94,2019-05-16,2019,5,16,Thursday,2,False
95,2019-05-17,2019,5,17,Friday,2,False
96,2019-05-20,2019,5,20,Monday,2,False
97,2019-05-21,2019,5,21,Tuesday,2,False
98,2019-05-22,2019,5,22,Wednesday,2,False
99,2019-05-23,2019,5,23,Thursday,2,False
100,2019-05-24,2019,5,24,Friday,2,False
101,2019-05-28,2019,5,28,Tuesday,2,False
102,2019-05-29,2019,5,29,Wednesday,2,False
103,2019-05-30,2019,5,30,Thursday,2,False
104,2019-05-31,2019,5,31,Friday,2,True
105,2019-06-03,2019,6,3,Monday,2,False
106,2019-06-04,2019,6,4,Tuesday,2,False
107,2019-06-05,2019,6,5,Wednesday,2,False
108,2019-06-06,2019,6,6,Thursday,2,False
109,2019-06-07,2019,6,7,Friday,2,False
110,2019-06-10,2019,6,10,Monday,2,False
111,2019-06-11,2019,6,11,Tuesday,2,False
112,2019-06-12,2019,6,12,Wednesday,2,False
113,2019-06-13,2019,6,13,Thursday,2,False
114,2019-06-14,2019,6,14,Friday,2,False
115,2019-06-17,2019,6,17,Monday,2,False
116,2019-06-18,2019,6,18,Tuesday,2,False
117,2019-06-19,2019,6,19,Wednesday,2,False
118,2019-06-20,2019,6,20,Thursday,2,False
119,2019-06-21,2019,6,21,Friday,2,False
120,2019-06-24,2019,6,24,Monday,2,False
121,2019-06-25,2019,6,25,Tuesday,2,False
122,2019-06-26,2019,6,26,Wednesday,2,False
123,2019-06-27,2019,6,27,Thursday,2,False
124,2019-06-28,2019,6,28,Friday,2,False
125,2019-07-01,2019,7,1,Monday,3,False
126,2019-07-02,2019,7,2,Tuesday,3,False
127,2019-07-03,2019,7,3,Wednesday,3,False
128,2019-07-05,2019,7,5,Friday,3,False
129,2019-07-08,2019,7,8,Monday,3,False
130,2019-07-09,2019,7,9,Tuesday,3,False
131,2019-07-10,2019,7,10,Wednesday,3,False
132,2019-07-11,2019,7,11,Thursday,3,False
133,2019-07-12,2019,7,12,Friday,3,False
134,2019-07-15,2019,7,15,Monday,3,False
135,2019-07-16,2019,7,16,Tuesday,3,False
136,2019-07-17,2019,7,17,Wednesday,3,False
137,2019-07-18,2019,7,18,Thursday,3,False
138,2019-07-19,2019,7,19,Friday,3,False
139,2019-07-22,2019,7,22,Monday,3,False
140,2019-07-23,2019,7,23,Tuesday,3,False
141,2019-07-24,2019,7,24,Wednesday,3,False
142,2019-07-25,2019,7,25,Thursday,3,False
143,2019-07-26,2019,7,26,Friday,3,False
144,2019-07-29,2019,7,29,Monday,3,False
145,2019-07-30,2019,7,30,Tuesday,3,False
146,2019-07-31,2019,7,31,Wednesday,3,True
147,2019-08-01,2019,8,1,Thursday,3,False
148,2019-08-02,2019,8,2,Friday,3,False
149,2019-08-05,2019,8,5,Monday,3,False
150,2019-08-06,2019,8,6,Tuesday,3,False
151,2019-08-07,2019,8,7,Wednesday,3,False
152,2019-08-08,2019,8,8,Thursday,3,False
153,2019-08-09,2019,8,9,Friday,3,False
154,2019-08-12,2019,8,12,Monday,3,False
155,2019-08-13,2019,8,13,Tuesday,3,False
156,2019-08-14,2019,8,14,Wednesday,3,False
157,2019-08-15,2019,8,15,Thursday,3,False
158,2019-08-16,2019,8,16,Friday,3,False
159,2019-08-19,2019,8,19,Monday,3,False
160,2019-08-20,2019,8,20,Tuesday,3,False
161,2019-08-21,2019,8,21,Wednesday,3,False
162,2019-08-22,2019,8,22,Thursday,3,False
163,2019-08-23,2019,8,23,Friday,3,False
164,2019-08-26,2019,8,26,Monday,3,False
165,2019-08-27,2019,8,27,Tuesday,3,False
166,2019-08-28,2019,8,28,Wednesday,3,False
167,2019-08-29,2019,8,29,Thursday,3,False
168,2019-08-30,2019,8,30,Friday,3,False
169,2019-09-03,2019,9,3,Tuesday,3,False
170,2019-09-04,2019,9,4,Wednesday,3,False
171,2019-09-05,2019,9,5,Thursday,3,False
172,2019-09-06,2019,9,6,Friday,3,False
173,2019-09-09,2019,9,9,Monday,3,False
174,2019-09-10,2019,9,10,Tuesday,3,False
175,2019-09-11,2019,9,11,Wednesday,3,False
176,2019-09-12,2019,9,12,Thursday,3,False
177,2019-09-13,2019,9,13,Friday,3,False
178,2019-09-16,2019,9,16,Monday,3,False
179,2019-09-17,2019,9,17,Tuesday,3,False
180,2019-09-18,2019,9,18,Wednesday,3,False
181,2019-09-19,2019,9,19,Thursday,3,False
182,2019-09-20,2019,9,20,Friday,3,False
183,2019-09-23,2019,9,23,Monday,3,False
184,2019-09-24,2019,9,24,Tuesday,3,False
185,2019-09-25,2019,9,25,Wednesday,3,False
186,2019-09-26,2019,9,26,Thursday,3,False
187,2019-09-27,2019,9,27,Friday,3,False
188,2019-09-30,2019,9,30,Monday,3,True
189,2019-10-01,2019,10,1,Tuesday,4,False
190,2019-10-02,2019,10,2,Wednesday,4,False
191,2019-10-03,2019,10,3,Thursday,4,False
192,2019-10-04,2019,10,4,Friday,4,False
193,2019-10-07,2019,10,7,Monday,4,False
194,2019-10-08,2019,10,8,Tuesday,4,False
195,2019-10-09,2019,10,9,Wednesday,4,False
196,2019-10-10,2019,10,10,Thursday,4,False
197,2019-10-11,2019,10,11,Friday,4,False
198,2019-10-14,2019,10,14,Monday,4,False
199,2019-10-15,2019,10,15,Tuesday,4,False
200,2019-10-16,2019,10,16,Wednesday,4,False
201,2019-10-17,2019,10,17,Thursday,4,False
202,2019-10-18,2019,10,18,Friday,4,False
203,2019-10-21,2019,10,21,Monday,4,False
204,2019-10-22,2019,10,22,Tuesday,4,False
205,2019-10-23,2019,10,23,Wednesday,4,False
206,2019-10-24,2019,10,24,Thursday,4,False
207,2019-10-25,2019,10,25,Friday,4,False
208,2019-10-28,2019,10,28,Monday,4,False
209,2019-10-29,2019,10,29,Tuesday,4,False
210,2019-10-30,2019,10,30,Wednesday,4,False
211,2019-10-31,2019,10,31,Thursday,4,True
212,2019-11-01,2019,11,1,Friday,4,False
213,2019-11-04,2019,11,4,Monday,4,False
214,2019-11-05,2019,11,5,Tuesday,4,False
215,2019-11-06,2019,11,6,Wednesday,4,False
216,2019-11-07,2019,11,7,Thursday,4,False
217,2019-11-08,2019,11,8,Friday,4,False
218,2019-11-11,2019,11,11,Monday,4,False
219,2019-11-12,2019,11,12,Tuesday,4,False
220,2019-11-13,2019,11,13,Wednesday,4,False
221,2019-11-14,2019,11,14,Thursday,4,False
222,2019-11-15,2019,11,15,Friday,4,False
223,2019-11-18,2019,11,18,Monday,4,False
224,2019-11-19,2019,11,19,Tuesday,4,False
225,2019-11-20,2019,11,20,Wednesday,4,False
226,2019-11-21,2019,11,21,Thursday,4,False
227,2019-11-22,2019,11,22,Friday,4,False
228,2019-11-25,2019,11,25,Monday,4,False
229,2019-11-26,2019,11,26,Tuesday,4,False
230,2019-11-27,2019,11,27,Wednesday,4,False
231,2019-11-29,2019,11,29,Friday,4,False
232,2019-12-02,2019,12,2,Monday,4,False
233,2019-12-03,2019,12,3,Tuesday,4,False
234,2019-12-04,2019,12,4,Wednesday,4,False
235,2019-12-05,2019,12,5,Thursday,4,False
236,2019-12-06,2019,12,6,Friday,4,False
237,2019-12-09,2019,12,9,Monday,4,False
238,2019-12-10,2019,12,10,Tuesday,4,False
239,2019-12-11,2019,12,11,Wednesday,4,False
240,2019-12-12,2019,12,12,Thursday,4,False
241,2019-12-13,2019,12,13,Friday,4,False
242,2019-12-16,2019,12,16,Monday,4,False
243,2019-12-17,2019,12,17,Tuesday,4,False
244,2019-12-18,2019,12,18,Wednesday,4,False
245,2019-12-19,2019,12,19,Thursday,4,False
246,2019-12-20,2019,12,20,Friday,4,False
247,2019-12-23,2019,12,23,Monday,4,False
248,2019-12-24,2019,12,24,Tuesday,4,False
249,2019-12-26,2019,12,26,Thursday,4,False
250,2019-12-27,2019,12,27,Friday,4,False
251,2019-12-30,2019,12,30,Monday,4,False
252,2019-12-31,2019,12,31,Tuesday,4,True
253,2020-01-02,2020,1,2,Thursday,1,False
254,2020-01-03,2020,1,3,Friday,1,False
255,2020-01-06,2020,1,6,Monday,1,False
256,2020-01-07,2020,1,7,Tuesday,1,False
257,2020-01-08,2020,1,8,Wednesday,1,False
258,2020-01-09,2020,1,9,Thursday,1,False
259,2020-01-10,2020,1,10,Friday,1,False
260,2020-01-13,2020,1,13,Monday,1,False
261,2020-01-14,2020,1,14,Tuesday,1,False
262,2020-01-15,2020,1,15,Wednesday,1,False
263,2020-01-16,2020,1,16,Thursday,1,False
264,2020-01-17,2020,1,17,Friday,1,False
265,2020-01-21,2020,1,21,Tuesday,1,False
266,2020-01-22,2020,1,22,Wednesday,1,False
267,2020-01-23,2020,1,23,Thursday,1,False
268,2020-01-24,2020,1,24,Friday,1,False
269,2020-01-27,2020,1,27,Monday,1,False
270,2020-01-28,2020,1,28,Tuesday,1,False
271,2020-01-29,2020,1,29,Wednesday,1,False
272,2020-01-30,2020,1,30,Thursday,1,False
273,2020-01-31,2020,1,31,Friday,1,True
274,2020-02-03,2020,2,3,Monday,1,False
275,2020-02-04,2020,2,4,Tuesday,1,False
276,2020-02-05,2020,2,5,Wednesday,1,False
277,2020-02-06,2020,2,6,Thursday,1,False
278,2020-02-07,2020,2,7,Friday,1,False
279,2020-02-10,2020,2,10,Monday,1,False
280,2020-02-11,2020,2,11,Tuesday,1,False
281,2020-02-12,2020,2,12,Wednesday,1,False
282,2020-02-13,2020,2,13,Thursday,1,False
283,2020-02-14,2020,2,14,Friday,1,False
284,2020-02-18,2020,2,18,Tuesday,1,False
285,2020-02-19,2020,2,19,Wednesday,1,False
286,2020-02-20,2020,2,20,Thursday,1,False
287,2020-02-21,2020,2,21,Friday,1,False
288,2020-02-24,2020,2,24,Monday,1,False
289,2020-02-25,2020,2,25,Tuesday,1,False
290,2020-02-26,2020,2,26,Wednesday,1,False
291,2020-02-27,2020,2,27,Thursday,1,False
292,2020-02-28,2020,2,28,Friday,1,False
293,2020-03-02,2020,3,2,Monday,1,False
294,2020-03-03,2020,3,3,Tuesday,1,False
295,2020-03-04,2020,3,4,Wednesday,1,False
296,2020-03-05,2020,3,5,Thursday,1,False
297,2020-03-06,2020,3,6,Friday,1,False
298,2020-03-09,2020,3,9,Monday,1,False
299,2020-03-10,2020,3,10,Tuesday,1,False
300,2020-03-11,2020,3,11,Wednesday,1,False
301,2020-03-12,2020,3,12,Thursday,1,False
302,2020-03-13,2020,3,13,Friday,1,False
303,2020-03-16,2020,3,16,Monday,1,False
304,2020-03-17,2020,3,17,Tuesday,1,False
305,2020-03-18,2020,3,18,Wednesday,1,False
306,2020-03-19,2020,3,19,Thursday,1,False
307,2020-03-20,2020,3,20,Friday,1,False
308,2020-03-23,2020,3,23,Monday,1,False
309,2020-03-24,2020,3,24,Tuesday,1,False
310,2020-03-25,2020,3,25,Wednesday,1,False
311,2020-03-26,2020,3,26,Thursday,1,False
312,2020-03-27,2020,3,27,Friday,1,False
313,2020-03-30,2020,3,30,Monday,1,False
314,2020-03-31,2020,3,31,Tuesday,1,True
315,2020-04-01,2020,4,1,Wednesday,2,False
316,2020-04-02,2020,4,2,Thursday,2,False
317,2020-04-03,2020,4,3,Friday,2,False
318,2020-04-06,2020,4,6,Monday,2,False
319,2020-04-07,2020,4,7,Tuesday,2,False
320,2020-04-08,2020,4,8,Wednesday,2,False
321,2020-04-09,2020,4,9,Thursday,2,False
322,2020-04-13,2020,4,13,Monday,2,False
323,2020-04-14,2020,4,14,Tuesday,2,False
324,2020-04-15,2020,4,15,Wednesday,2,False
325,2020-04-16,2020,4,16,Thursday,2,False
326,2020-04-17,2020,4,17,Friday,2,False
327,2020-04-20,2020,4,20,Monday,2,False
328,2020-04-21,2020,4,21,Tuesday,2,False
329,2020-04-22,2020,4,22,Wednesday,2,False
330,2020-04-23,2020,4,23,Thursday,2,False
331,2020-04-24,2020,4,24,Friday,2,False
332,2020-04-27,2020,4,27,Monday,2,False
333,2020-04-28,2020,4,28,Tuesday,2,False
334,2020-04-29,2020,4,29,Wednesday,2,False
335,2020-04-30,2020,4,30,Thursday,2,True
336,2020-05-01,2020,5,1,Friday,2,False
337,2020-05-04,2020,5,4,Monday,2,False
338,2020-05-05,2020,5,5,Tuesday,2,False
339,2020-05-06,2020,5,6,Wednesday,2,False
340,2020-05-07,2020,5,7,Thursday,2,False
341,2020-05-08,2020,5,8,Friday,2,False
342,2020-05-11,2020,5,11,Monday,2,False
343,2020-05-12,2020,5,12,Tuesday,2,False
344,2020-05-13,2020,5,13,Wednesday,2,False
345,2020-05-14,2020,5,14,Thursday,2,False
346,2020-05-15,2020,5,15,Friday,2,False
347,2020-05-18,2020,5,18,Monday,2,False
348,2020-05-19,2020,5,19,Tuesday,2,False
349,2020-05-20,2020,5,20,Wednesday,2,False
350,2020-05-21,2020,5,21,Thursday,2,False
351,2020-05-22,2020,5,22,Friday,2,False
352,2020-05-26,2020,5,26,Tuesday,2,False
353,2020-05-27,2020,5,27,Wednesday,2,False
354,2020-05-28,2020,5,28,Thursday,2,False
355,2020-05-29,2020,5,29,Friday,2,False
356,2020-06-01,2020,6,1,Monday,2,False
357,2020-06-02,2020,6,2,Tuesday,2,False
358,2020-06-03,2020,6,3,Wednesday,2,False
359,2020-06-04,2020,6,4,Thursday,2,False
360,2020-06-05,2020,6,5,Friday,2,False
361,2020-06-08,2020,6,8,Monday,2,False
362,2020-06-09,2020,6,9,Tuesday,2,False
363,2020-06-10,2020,6,10,Wednesday,2,False
364,2020-06-11,2020,6,11,Thursday,2,False
365,2020-06-12,2020,6,12,Friday,2,False
366,2020-06-15,2020,6,15,Monday,2,False
367,2020-06-16,2020,6,16,Tuesday,2,False
368,2020-06-17,2020,6,17,Wednesday,2,False
369,2020-06-18,2020,6,18,Thursday,2,False
370,2020-06-19,2020,6,19,Friday,2,False
371,2020-06-22,2020,6,22,Monday,2,False
372,2020-06-23,2020,6,23,Tuesday,2,False
373,2020-06-24,2020,6,24,Wednesday,2,False
374,2020-06-25,2020,6,25,Thursday,2,False
375,2020-06-26,2020,6,26,Friday,2,False
376,2020-06-29,2020,6,29,Monday,2,False
377,2020-06-30,2020,6,30,Tuesday,2,True
378,2020-07-01,2020,7,1,Wednesday,3,False
379,2020-07-02,2020,7,2,Thursday,3,False
380,2020-07-06,2020,7,6,Monday,3,False
381,2020-07-07,2020,7,7,Tuesday,3,False
382,2020-07-08,2020,7,8,Wednesday,3,False
383,2020-07-09,2020,7,9,Thursday,3,False
384,2020-07-10,2020,7,10,Friday,3,False
385,2020-07-13,2020,7,13,Monday,3,False
386,2020-07-14,2020,7,14,Tuesday,3,False
387,2020-07-15,2020,7,15,Wednesday,3,False
388,2020-07-16,2020,7,16,Thursday,3,False
389,2020-07-17,2020,7,17,Friday,3,False
390,2020-07-20,2020,7,20,Monday,3,False
391,2020-07-21,2020,7,21,Tuesday,3,False
392,2020-07-22,2020,7,22,Wednesday,3,False
393,2020-07-23,2020,7,23,Thursday,3,False
394,2020-07-24,2020,7,24,Friday,3,False
395,2020-07-27,2020,7,27,Monday,3,False
396,2020-07-28,2020,7,28,Tuesday,3,False
397,2020-07-29,2020,7,29,Wednesday,3,False
398,2020-07-30,2020,7,30,Thursday,3,False
399,2020-07-31,2020,7,31,Friday,3,True
400,2020-08-03,2020,8,3,Monday,3,False
401,2020-08-04,2020,8,4,Tuesday,3,False
402,2020-08-05,2020,8,5,Wednesday,3,False
403,2020-08-06,2020,8,6,Thursday,3,False
404,2020-08-07,2020,8,7,Friday,3,False
405,2020-08-10,2020,8,10,Monday,3,False
406,2020-08-11,2020,8,11,Tuesday,3,False
407,2020-08-12,2020,8,12,Wednesday,3,False
408,2020-08-13,2020,8,13,Thursday,3,False
409,2020-08-14,2020,8,14,Friday,3,False
410,2020-08-17,2020,8,17,Monday,3,False
411,2020-08-18,2020,8,18,Tuesday,3,False
412,2020-08-19,2020,8,19,Wednesday,3,False
413,2020-08-20,2020,8,20,Thursday,3,False
414,2020-08-21,2020,8,21,Friday,3,False
415,2020-08-24,2020,8,24,Monday,3,False
416,2020-08-25,2020,8,25,Tuesday,3,False
417,2020-08-26,2020,8,26,Wednesday,3,False
418,2020-08-27,2020,8,27,Thursday,3,False
419,2020-08-28,2020,8,28,Friday,3,False
420,2020-08-31,2020,8,31,Monday,3,True
421,2020-09-01,2020,9,1,Tuesday,3,False
422,2020-09-02,2020,9,2,Wednesday,3,False
423,2020-09-03,2020,9,3,Thursday,3,False
424,2020-09-04,2020,9,4,Friday,3,False
425,2020-09-08,2020,9,8,Tuesday,3,False
426,2020-09-09,2020,9,9,Wednesday,3,False
427,2020-09-10,2020,9,10,Thursday,3,False
428,2020-09-11,2020,9,11,Friday,3,False
429,2020-09-14,2020,9,14,Monday,3,False
430,2020-09-15,2020,9,15,Tuesday,3,False
431,2020-09-16,2020,9,16,Wednesday,3,False
432,2020-09-17,2020,9,17,Thursday,3,False
433,2020-09-18,2020,9,18,Friday,3,False
434,2020-09-21,2020,9,21,Monday,3,False
435,2020-09-22,2020,9,22,Tuesday,3,False
436,2020-09-23,2020,9,23,Wednesday,3,False
437,2020-09-24,2020,9,24,Thursday,3,False
438,2020-09-25,2020,9,25,Friday,3,False
439,2020-09-28,2020,9,28,Monday,3,False
440,2020-09-29,2020,9,29,Tuesday,3,False
441,2020-09-30,2020,9,30,Wednesday,3,True
442,2020-10-01,2020,10,1,Thursday,4,False
443,2020-10-02,2020,10,2,Friday,4,False
444,2020-10-05,2020,10,5,Monday,4,False
445,2020-10-06,2020,10,6,Tuesday,4,False
446,2020-10-07,2020,10,7,Wednesday,4,False
447,2020-10-08,2020,10,8,Thursday,4,False
448,2020-10-09,2020,10,9,Friday,4,False
449,2020-10-12,2020,10,12,Monday,4,False
450,2020-10-13,2020,10,13,Tuesday,4,False
451,2020-10-14,2020,10,14,Wednesday,4,False
452,2020-10-15,2020,10,15,Thursday,4,False
453,2020-10-16,2020,10,16,Friday,4,False
454,2020-10-19,2020,10,19,Monday,4,False
455,2020-10-20,2020,10,20,Tuesday,4,False
456,2020-10-21,2020,10,21,Wednesday,4,False
457,2020-10-22,2020,10,22,Thursday,4,False
458,2020-10-23,2020,10,23,Friday,4,False
459,2020-10-26,2020,10,26,Monday,4,False
460,2020-10-27,2020,10,27,Tuesday,4,False
461,2020-10-28,2020,10,28,Wednesday,4,False
462,2020-10-29,2020,10,29,Thursday,4,False
463,2020-10-30,2020,10,30,Friday,4,False
464,2020-11-02,2020,11,2,Monday,4,False
465,2020-11-03,2020,11,3,Tuesday,4,False
466,2020-11-04,2020,11,4,Wednesday,4,False
467,2020-11-05,2020,11,5,Thursday,4,False
468,2020-11-06,2020,11,6,Friday,4,False
469,2020-11-09,2020,11,9,Monday,4,False
470,2020-11-10,2020,11,10,Tuesday,4,False
471,2020-11-11,2020,11,11,Wednesday,4,False
472,2020-11-12,2020,11,12,Thursday,4,False
473,2020-11-13,2020,11,13,Friday,4,False
474,2020-11-16,2020,11,16,Monday,4,False
475,2020-11-17,2020,11,17,Tuesday,4,False
476,2020-11-18,2020,11,18,Wednesday,4,False
477,2020-11-19,2020,11,19,Thursday,4,False
478,2020-11-20,2020,11,20,Friday,4,False
479,2020-11-23,2020,11,23,Monday,4,False
480,2020-11-24,2020,11,24,Tuesday,4,False
481,2020-11-25,2020,11,25,Wednesday,4,False
482,2020-11-27,2020,11,27,Friday,4,False
483,2020-11-30,2020,11,30,Monday,4,True
484,2020-12-01,2020,12,1,Tuesday,4,False
485,2020-12-02,2020,12,2,Wednesday,4,False
486,2020-12-03,2020,12,3,Thursday,4,False
487,2020-12-04,2020,12,4,Friday,4,False
488,2020-12-07,2020,12,7,Monday,4,False
489,2020-12-08,2020,12,8,Tuesday,4,False
490,2020-12-09,2020,12,9,Wednesday,4,False
491,2020-12-10,2020,12,10,Thursday,4,False
492,2020-12-11,2020,12,11,Friday,4,False
493,2020-12-14,2020,12,14,Monday,4,False
494,2020-12-15,2020,12,15,Tuesday,4,False
495,2020-12-16,2020,12,16,Wednesday,4,False
496,2020-12-17,2020,12,17,Thursday,4,False
497,2020-12-18,2020,12,18,Friday,4,False
498,2020-12-21,2020,12,21,Monday,4,False
499,2020-12-22,2020,12,22,Tuesday,4,False
500,2020-12-23,2020,12,23,Wednesday,4,False
501,2020-12-24,2020,12,24,Thursday,4,False
502,2020-12-28,2020,12,28,Monday,4,False
503,2020-12-29,2020,12,29,Tuesday,4,False
504,2020-12-30,2020,12,30,Wednesday,4,False
505,2020-12-31,2020,12,31,Thursday,4,True
506,2021-01-04,2021,1,4,Monday,1,False
507,2021-01-05,2021,1,5,Tuesday,1,False
508,2021-01-06,2021,1,6,Wednesday,1,False
509,2021-01-07,2021,1,7,Thursday,1,False
510,2021-01-08,2021,1,8,Friday,1,False
511,2021-01-11,2021,1,11,Monday,1,False
512,2021-01-12,2021,1,12,Tuesday,1,False
513,2021-01-13,2021,1,13,Wednesday,1,False
514,2021-01-14,2021,1,14,Thursday,1,False
515,2021-01-15,2021,1,15,Friday,1,False
516,2021-01-19,2021,1,19,Tuesday,1,False
517,2021-01-20,2021,1,20,Wednesday,1,False
518,2021-01-21,2021,1,21,Thursday,1,False
519,2021-01-22,2021,1,22,Friday,1,False
520,2021-01-25,2021,1,25,Monday,1,False
521,2021-01-26,2021,1,26,Tuesday,1,False
522,2021-01-27,2021,1,27,Wednesday,1,False
523,2021-01-28,2021,1,28,Thursday,1,False
524,2021-01-29,2021,1,29,Friday,1,False
525,2021-02-01,2021,2,1,Monday,1,False
526,2021-02-02,2021,2,2,Tuesday,1,False
527,2021-02-03,2021,2,3,Wednesday,1,False
528,2021-02-04,2021,2,4,Thursday,1,False
529,2021-02-05,2021,2,5,Friday,1,False
530,2021-02-08,2021,2,8,Monday,1,False
531,2021-02-09,2021,2,9,Tuesday,1,False
532,2021-02-10,2021,2,10,Wednesday,1,False
533,2021-02-11,2021,2,11,Thursday,1,False
534,2021-02-12,2021,2,12,Friday,1,False
535,2021-02-16,2021,2,16,Tuesday,1,False
536,2021-02-17,2021,2,17,Wednesday,1,False
537,2021-02-18,2021,2,18,Thursday,1,False
538,2021-02-19,2021,2,19,Friday,1,False
539,2021-02-22,2021,2,22,Monday,1,False
540,2021-02-23,2021,2,23,Tuesday,1,False
541,2021-02-24,2021,2,24,Wednesday,1,False
542,2021-02-25,2021,2,25,Thursday,1,False
543,2021-02-26,2021,2,26,Friday,1,False
544,2021-03-01,2021,3,1,Monday,1,False
545,2021-03-02,2021,3,2,Tuesday,1,False
546,2021-03-03,2021,3,3,Wednesday,1,False
547,2021-03-04,2021,3,4,Thursday,1,False
548,2021-03-05,2021,3,5,Friday,1,False
549,2021-03-08,2021,3,8,Monday,1,False
550,2021-03-09,2021,3,9,Tuesday,1,False
551,2021-03-10,2021,3,10,Wednesday,1,False
552,2021-03-11,2021,3,11,Thursday,1,False
553,2021-03-12,2021,3,12,Friday,1,False
554,2021-03-15,2021,3,15,Monday,1,False
555,2021-03-16,2021,3,16,Tuesday,1,False
556,2021-03-17,2021,3,17,Wednesday,1,False
557,2021-03-18,2021,3,18,Thursday,1,False
558,2021-03-19,2021,3,19,Friday,1,False
559,2021-03-22,2021,3,22,Monday,1,False
560,2021-03-23,2021,3,23,Tuesday,1,False
561,2021-03-24,2021,3,24,Wednesday,1,False
562,2021-03-25,2021,3,25,Thursday,1,False
563,2021-03-26,2021,3,26,Friday,1,False
564,2021-03-29,2021,3,29,Monday,1,False
565,2021-03-30,2021,3,30,Tuesday,1,False
566,2021-03-31,2021,3,31,Wednesday,1,True
567,2021-04-01,2021,4,1,Thursday,2,False
568,2021-04-05,2021,4,5,Monday,2,False
569,2021-04-06,2021,4,6,Tuesday,2,False
570,2021-04-07,2021,4,7,Wednesday,2,False
571,2021-04-08,2021,4,8,Thursday,2,False
572,2021-04-09,2021,4,9,Friday,2,False
573,2021-04-12,2021,4,12,Monday,2,False
574,2021-04-13,2021,4,13,Tuesday,2,False
575,2021-04-14,2021,4,14,Wednesday,2,False
576,2021-04-15,2021,4,15,Thursday,2,False
577,2021-04-16,2021,4,16,Friday,2,False
578,2021-04-19,2021,4,19,Monday,2,False
579,2021-04-20,2021,4,20,Tuesday,2,False
580,2021-04-21,2021,4,21,Wednesday,2,False
581,2021-04-22,2021,4,22,Thursday,2,False
582,2021-04-23,2021,4,23,Friday,2,False
583,2021-04-26,2021,4,26,Monday,2,False
584,2021-04-27,2021,4,27,Tuesday,2,False
585,2021-04-28,2021,4,28,Wednesday,2,False
586,2021-04-29,2021,4,29,Thursday,2,False
587,2021-04-30,2021,4,30,Friday,2,True
588,2021-05-03,2021,5,3,Monday,2,False
589,2021-05-04,2021,5,4,Tuesday,2,False
590,2021-05-05,2021,5,5,Wednesday,2,False
591,2021-05-06,2021,5,6,Thursday,2,False
592,2021-05-07,2021,5,7,Friday,2,False
593,2021-05-10,2021,5,10,Monday,2,False
594,2021-05-11,2021,5,11,Tuesday,2,False
595,2021-05-12,2021,5,12,Wednesday,2,False
596,2021-05-13,2021,5,13,Thursday,2,False
597,2021-05-14,2021,5,14,Friday,2,False
598,2021-05-17,2021,5,17,Monday,2,False
599,2021-05-18,2021,5,18,Tuesday,2,False
600,2021-05-19,2021,5,19,Wednesday,2,False
601,2021-05-20,2021,5,20,Thursday,2,False
602,2021-05-21,2021,5,21,Friday,2,False
603,2021-05-24,2021,5,24,Monday,2,False
604,2021-05-25,2021,5,25,Tuesday,2,False
605,2021-05-26,2021,5,26,Wednesday,2,False
606,2021-05-27,2021,5,27,Thursday,2,False
607,2021-05-28,2021,5,28,Friday,2,False
608,2021-06-01,2021,6,1,Tuesday,2,False
609,2021-06-02,2021,6,2,Wednesday,2,False
610,2021-06-03,2021,6,3,Thursday,2,False
611,2021-06-04,2021,6,4,Friday,2,False
612,2021-06-07,2021,6,7,Monday,2,False
613,2021-06-08,2021,6,8,Tuesday,2,False
614,2021-06-09,2021,6,9,Wednesday,2,False
615,2021-06-10,2021,6,10,Thursday,2,False
616,2021-06-11,2021,6,11,Friday,2,False
617,2021-06-14,2021,6,14,Monday,2,False
618,2021-06-15,2021,6,15,Tuesday,2,False
619,2021-06-16,2021,6,16,Wednesday,2,False
620,2021-06-17,2021,6,17,Thursday,2,False
621,2021-06-18,2021,6,18,Friday,2,False
622,2021-06-21,2021,6,21,Monday,2,False
623,2021-06-22,2021,6,22,Tuesday,2,False
624,2021-06-23,2021,6,23,Wednesday,2,False
625,2021-06-24,2021,6,24,Thursday,2,False
626,2021-06-25,2021,6,25,Friday,2,False
627,2021-06-28,2021,6,28,Monday,2,False
628,2021-06-29,2021,6,29,Tuesday,2,False
629,2021-06-30,2021,6,30,Wednesday,2,True
630,2021-07-01,2021,7,1,Thursday,3,False
631,2021-07-02,2021,7,2,Friday,3,False
632,2021-07-06,2021,7,6,Tuesday,3,False
633,2021-07-07,2021,7,7,Wednesday,3,False
634,2021-07-08,2021,7,8,Thursday,3,False
635,2021-07-09,2021,7,9,Friday,3,False
636,2021-07-12,2021,7,12,Monday,3,False
637,2021-07-13,2021,7,13,Tuesday,3,False
638,2021-07-14,2021,7,14,Wednesday,3,False
639,2021-07-15,2021,7,15,Thursday,3,False
640,2021-07-16,2021,7,16,Friday,3,False
641,2021-07-19,2021,7,19,Monday,3,False
642,2021-07-20,2021,7,20,Tuesday,3,False
643,2021-07-21,2021,7,21,Wednesday,3,False
644,2021-07-22,2021,7,22,Thursday,3,False
645,2021-07-23,2021,7,23,Friday,3,False
646,2021-07-26,2021,7,26,Monday,3,False
647,2021-07-27,2021,7,27,Tuesday,3,False
648,2021-07-28,2021,7,28,Wednesday,3,False
649,2021-07-29,2021,7,29,Thursday,3,False
650,2021-07-30,2021,7,30,Friday,3,False
651,2021-08-02,2021,8,2,Monday,3,False
652,2021-08-03,2021,8,3,Tuesday,3,False
653,2021-08-04,2021,8,4,Wednesday,3,False
654,2021-08-05,2021,8,5,Thursday,3,False
655,2021-08-06,2021,8,6,Friday,3,False
656,2021-08-09,2021,8,9,Monday,3,False
657,2021-08-10,2021,8,10,Tuesday,3,False
658,2021-08-11,2021,8,11,Wednesday,3,False
659,2021-08-12,2021,8,12,Thursday,3,False
660,2021-08-13,2021,8,13,Friday,3,False
661,2021-08-16,2021,8,16,Monday,3,False
662,2021-08-17,2021,8,17,Tuesday,3,False
663,2021-08-18,2021,8,18,Wednesday,3,False
664,2021-08-19,2021,8,19,Thursday,3,False
665,2021-08-20,2021,8,20,Friday,3,False
666,2021-08-23,2021,8,23,Monday,3,False
667,2021-08-24,2021,8,24,Tuesday,3,False
668,2021-08-25,2021,8,25,Wednesday,3,False
669,2021-08-26,2021,8,26,Thursday,3,False
670,2021-08-27,2021,8,27,Friday,3,False
671,2021-08-30,2021,8,30,Monday,3,False
672,2021-08-31,2021,8,31,Tuesday,3,True
673,2021-09-01,2021,9,1,Wednesday,3,False
674,2021-09-02,2021,9,2,Thursday,3,False
675,2021-09-03,2021,9,3,Friday,3,False
676,2021-09-07,2021,9,7,Tuesday,3,False
677,2021-09-08,2021,9,8,Wednesday,3,False
678,2021-09-09,2021,9,9,Thursday,3,False
679,2021-09-10,2021,9,10,Friday,3,False
680,2021-09-13,2021,9,13,Monday,3,False
681,2021-09-14,2021,9,14,Tuesday,3,False
682,2021-09-15,2021,9,15,Wednesday,3,False
683,2021-09-16,2021,9,16,Thursday,3,False
684,2021-09-17,2021,9,17,Friday,3,False
685,2021-09-20,2021,9,20,Monday,3,False
686,2021-09-21,2021,9,21,Tuesday,3,False
687,2021-09-22,2021,9,22,Wednesday,3,False
688,2021-09-23,2021,9,23,Thursday,3,False
689,2021-09-24,2021,9,24,Friday,3,False
690,2021-09-27,2021,9,27,Monday,3,False
691,2021-09-28,2021,9,28,Tuesday,3,False
692,2021-09-29,2021,9,29,Wednesday,3,False
693,2021-09-30,2021,9,30,Thursday,3,True
694,2021-10-01,2021,10,1,Friday,4,False
695,2021-10-04,2021,10,4,Monday,4,False
696,2021-10-05,2021,10,5,Tuesday,4,False
697,2021-10-06,2021,10,6,Wednesday,4,False
698,2021-10-07,2021,10,7,Thursday,4,False
699,2021-10-08,2021,10,8,Friday,4,False
700,2021-10-11,2021,10,11,Monday,4,False
701,2021-10-12,2021,10,12,Tuesday,4,False
702,2021-10-13,2021,10,13,Wednesday,4,False
703,2021-10-14,2021,10,14,Thursday,4,False
704,2021-10-15,2021,10,15,Friday,4,False
705,2021-10-18,2021,10,18,Monday,4,False
706,2021-10-19,2021,10,19,Tuesday,4,False
707,2021-10-20,2021,10,20,Wednesday,4,False
708,2021-10-21,2021,10,21,Thursday,4,False
709,2021-10-22,2021,10,22,Friday,4,False
710,2021-10-25,2021,10,25,Monday,4,False
711,2021-10-26,2021,10,26,Tuesday,4,False
712,2021-10-27,2021,10,27,Wednesday,4,False
713,2021-10-28,2021,10,28,Thursday,4,False
714,2021-10-29,2021,10,29,Friday,4,False
715,2021-11-01,2021,11,1,Monday,4,False
716,2021-11-02,2021,11,2,Tuesday,4,False
717,2021-11-03,2021,11,3,Wednesday,4,False
718,2021-11-04,2021,11,4,Thursday,4,False
719,2021-11-05,2021,11,5,Friday,4,False
720,2021-11-08,2021,11,8,Monday,4,False
721,2021-11-09,2021,11,9,Tuesday,4,False
722,2021-11-10,2021,11,10,Wednesday,4,False
723,2021-11-11,2021,11,11,Thursday,4,False
724,2021-11-12,2021,11,12,Friday,4,False
725,2021-11-15,2021,11,15,Monday,4,False
726,2021-11-16,2021,11,16,Tuesday,4,False
727,2021-11-17,2021,11,17,Wednesday,4,False
728,2021-11-18,2021,11,18,Thursday,4,False
729,2021-11-19,2021,11,19,Friday,4,False
730,2021-11-22,2021,11,22,Monday,4,False
731,2021-11-23,2021,11,23,Tuesday,4,False
732,2021-11-24,2021,11,24,Wednesday,4,False
733,2021-11-26,2021,11,26,Friday,4,False
734,2021-11-29,2021,11,29,Monday,4,False
735,2021-11-30,2021,11,30,Tuesday,4,True
736,2021-12-01,2021,12,1,Wednesday,4,False
737,2021-12-02,2021,12,2,Thursday,4,False
738,2021-12-03,2021,12,3,Friday,4,False
739,2021-12-06,2021,12,6,Monday,4,False
740,2021-12-07,2021,12,7,Tuesday,4,False
741,2021-12-08,2021,12,8,Wednesday,4,False
742,2021-12-09,2021,12,9,Thursday,4,False
743,2021-12-10,2021,12,10,Friday,4,False
744,2021-12-13,2021,12,13,Monday,4,False
745,2021-12-14,2021,12,14,Tuesday,4,False
746,2021-12-15,2021,12,15,Wednesday,4,False
747,2021-12-16,2021,12,16,Thursday,4,False
748,2021-12-17,2021,12,17,Friday,4,False
749,2021-12-20,2021,12,20,Monday,4,False
750,2021-12-21,2021,12,21,Tuesday,4,False
751,2021-12-22,2021,12,22,Wednesday,4,False
752,2021-12-23,2021,12,23,Thursday,4,False
753,2021-12-27,2021,12,27,Monday,4,False
754,2021-12-28,2021,12,28,Tuesday,4,False
755,2021-12-29,2021,12,29,Wednesday,4,False
756,2021-12-30,2021,12,30,Thursday,4,False
757,2021-12-31,2021,12,31,Friday,4,True
758,2022-01-03,2022,1,3,Monday,1,False
759,2022-01-04,2022,1,4,Tuesday,1,False
760,2022-01-05,2022,1,5,Wednesday,1,False
761,2022-01-06,2022,1,6,Thursday,1,False
762,2022-01-07,2022,1,7,Friday,1,False
763,2022-01-10,2022,1,10,Monday,1,False
764,2022-01-11,2022,1,11,Tuesday,1,False
765,2022-01-12,2022,1,12,Wednesday,1,False
766,2022-01-13,2022,1,13,Thursday,1,False
767,2022-01-14,2022,1,14,Friday,1,False
768,2022-01-18,2022,1,18,Tuesday,1,False
769,2022-01-19,2022,1,19,Wednesday,1,False
770,2022-01-20,2022,1,20,Thursday,1,False
771,2022-01-21,2022,1,21,Friday,1,False
772,2022-01-24,2022,1,24,Monday,1,False
773,2022-01-25,2022,1,25,Tuesday,1,False
774,2022-01-26,2022,1,26,Wednesday,1,False
775,2022-01-27,2022,1,27,Thursday,1,False
776,2022-01-28,2022,1,28,Friday,1,False
777,2022-01-31,2022,1,31,Monday,1,True
778,2022-02-01,2022,2,1,Tuesday,1,False
779,2022-02-02,2022,2,2,Wednesday,1,False
780,2022-02-03,2022,2,3,Thursday,1,False
781,2022-02-04,2022,2,4,Friday,1,False
782,2022-02-07,2022,2,7,Monday,1,False
783,2022-02-08,2022,2,8,Tuesday,1,False
784,2022-02-09,2022,2,9,Wednesday,1,False
785,2022-02-10,2022,2,10,Thursday,1,False
786,2022-02-11,2022,2,11,Friday,1,False
787,2022-02-14,2022,2,14,Monday,1,False
788,2022-02-15,2022,2,15,Tuesday,1,False
789,2022-02-16,2022,2,16,Wednesday,1,False
790,2022-02-17,2022,2,17,Thursday,1,False
791,2022-02-18,2022,2,18,Friday,1,False
792,2022-02-22,2022,2,22,Tuesday,1,False
793,2022-02-23,2022,2,23,Wednesday,1,False
794,2022-02-24,2022,2,24,Thursday,1,False
795,2022-02-25,2022,2,25,Friday,1,False
796,2022-02-28,2022,2,28,Monday,1,True
797,2022-03-01,2022,3,1,Tuesday,1,False
798,2022-03-02,2022,3,2,Wednesday,1,False
799,2022-03-03,2022,3,3,Thursday,1,False
800,2022-03-04,2022,3,4,Friday,1,False
801,2022-03-07,2022,3,7,Monday,1,False
802,2022-03-08,2022,3,8,Tuesday,1,False
803,2022-03-09,2022,3,9,Wednesday,1,False
804,2022-03-10,2022,3,10,Thursday,1,False
805,2022-03-11,2022,3,11,Friday,1,False
806,2022-03-14,2022,3,14,Monday,1,False
807,2022-03-15,2022,3,15,Tuesday,1,False
808,2022-03-16,2022,3,16,Wednesday,1,False
809,2022-03-17,2022,3,17,Thursday,1,False
810,2022-03-18,2022,3,18,Friday,1,False
811,2022-03-21,2022,3,21,Monday,1,False
812,2022-03-22,2022,3,22,Tuesday,1,False
813,2022-03-23,2022,3,23,Wednesday,1,False
814,2022-03-24,2022,3,24,Thursday,1,False
815,2022-03-25,2022,3,25,Friday,1,False
816,2022-03-28,2022,3,28,Monday,1,False
817,2022-03-29,2022,3,29,Tuesday,1,False
818,2022-03-30,2022,3,30,Wednesday,1,False
819,2022-03-31,2022,3,31,Thursday,1,True
820,2022-04-01,2022,4,1,Friday,2,False
821,2022-04-04,2022,4,4,Monday,2,False
822,2022-04-05,2022,4,5,Tuesday,2,False
823,2022-04-06,2022,4,6,Wednesday,2,False
824,2022-04-07,2022,4,7,Thursday,2,False
825,2022-04-08,2022,4,8,Friday,2,False
826,2022-04-11,2022,4,11,Monday,2,False
827,2022-04-12,2022,4,12,Tuesday,2,False
828,2022-04-13,2022,4,13,Wednesday,2,False
829,2022-04-14,2022,4,14,Thursday,2,False
830,2022-04-18,2022,4,18,Monday,2,False
831,2022-04-19,2022,4,19,Tuesday,2,False
832,2022-04-20,2022,4,20,Wednesday,2,False
833,2022-04-21,2022,4,21,Thursday,2,False
834,2022-04-22,2022,4,22,Friday,2,False
835,2022-04-25,2022,4,25,Monday,2,False
836,2022-04-26,2022,4,26,Tuesday,2,False
837,2022-04-27,2022,4,27,Wednesday,2,False
838,2022-04-28,2022,4,28,Thursday,2,False
839,2022-04-29,2022,4,29,Friday,2,False
840,2022-05-02,2022,5,2,Monday,2,False
841,2022-05-03,2022,5,3,Tuesday,2,False
842,2022-05-04,2022,5,4,Wednesday,2,False
843,2022-05-05,2022,5,5,Thursday,2,False
844,2022-05-06,2022,5,6,Friday,2,False
845,2022-05-09,2022,5,9,Monday,2,False
846,2022-05-10,2022,5,10,Tuesday,2,False
847,2022-05-11,2022,5,11,Wednesday,2,False
848,2022-05-12,2022,5,12,Thursday,2,False
849,2022-05-13,2022,5,13,Friday,2,False
850,2022-05-16,2022,5,16,Monday,2,False
851,2022-05-17,2022,5,17,Tuesday,2,False
852,2022-05-18,2022,5,18,Wednesday,2,False
853,2022-05-19,2022,5,19,Thursday,2,False
854,2022-05-20,2022,5,20,Friday,2,False
855,2022-05-23,2022,5,23,Monday,2,False
856,2022-05-24,2022,5,24,Tuesday,2,False
857,2022-05-25,2022,5,25,Wednesday,2,False
858,2022-05-26,2022,5,26,Thursday,2,False
859,2022-05-27,2022,5,27,Friday,2,False
860,2022-05-31,2022,5,31,Tuesday,2,True
861,2022-06-01,2022,6,1,Wednesday,2,False
862,2022-06-02,2022,6,2,Thursday,2,False
863,2022-06-03,2022,6,3,Friday,2,False
864,2022-06-06,2022,6,6,Monday,2,False
865,2022-06-07,2022,6,7,Tuesday,2,False
866,2022-06-08,2022,6,8,Wednesday,2,False
867,2022-06-09,2022,6,9,Thursday,2,False
868,2022-06-10,2022,6,10,Friday,2,False
869,2022-06-13,2022,6,13,Monday,2,False
870,2022-06-14,2022,6,14,Tuesday,2,False
871,2022-06-15,2022,6,15,Wednesday,2,False
872,2022-06-16,2022,6,16,Thursday,2,False
873,2022-06-17,2022,6,17,Friday,2,False
874,2022-06-21,2022,6,21,Tuesday,2,False
875,2022-06-22,2022,6,22,Wednesday,2,False
876,2022-06-23,2022,6,23,Thursday,2,False
877,2022-06-24,2022,6,24,Friday,2,False
878,2022-06-27,2022,6,27,Monday,2,False
879,2022-06-28,2022,6,28,Tuesday,2,False
880,2022-06-29,2022,6,29,Wednesday,2,False
881,2022-06-30,2022,6,30,Thursday,2,True
882,2022-07-01,2022,7,1,Friday,3,False
883,2022-07-05,2022,7,5,Tuesday,3,False
884,2022-07-06,2022,7,6,Wednesday,3,False
885,2022-07-07,2022,7,7,Thursday,3,False
886,2022-07-08,2022,7,8,Friday,3,False
887,2022-07-11,2022,7,11,Monday,3,False
888,2022-07-12,2022,7,12,Tuesday,3,False
889,2022-07-13,2022,7,13,Wednesday,3,False
890,2022-07-14,2022,7,14,Thursday,3,False
891,2022-07-15,2022,7,15,Friday,3,False
892,2022-07-18,2022,7,18,Monday,3,False
893,2022-07-19,2022,7,19,Tuesday,3,False
894,2022-07-20,2022,7,20,Wednesday,3,False
895,2022-07-21,2022,7,21,Thursday,3,False
896,2022-07-22,2022,7,22,Friday,3,False
897,2022-07-25,2022,7,25,Monday,3,False
898,2022-07-26,2022,7,26,Tuesday,3,False
899,2022-07-27,2022,7,27,Wednesday,3,False
900,2022-07-28,2022,7,28,Thursday,3,False
901,2022-07-29,2022,7,29,Friday,3,False
902,2022-08-01,2022,8,1,Monday,3,False
903,2022-08-02,2022,8,2,Tuesday,3,False
904,2022-08-03,2022,8,3,Wednesday,3,False
905,2022-08-04,2022,8,4,Thursday,3,False
906,2022-08-05,2022,8,5,Friday,3,False
907,2022-08-08,2022,8,8,Monday,3,False
908,2022-08-09,2022,8,9,Tuesday,3,False
909,2022-08-10,2022,8,10,Wednesday,3,False
910,2022-08-11,2022,8,11,Thursday,3,False
911,2022-08-12,2022,8,12,Friday,3,False
912,2022-08-15,2022,8,15,Monday,3,False
913,2022-08-16,2022,8,16,Tuesday,3,False
914,2022-08-17,2022,8,17,Wednesday,3,False
915,2022-08-18,2022,8,18,Thursday,3,False
916,2022-08-19,2022,8,19,Friday,3,False
917,2022-08-22,2022,8,22,Monday,3,False
918,2022-08-23,2022,8,23,Tuesday,3,False
919,2022-08-24,2022,8,24,Wednesday,3,False
920,2022-08-25,2022,8,25,Thursday,3,False
921,2022-08-26,2022,8,26,Friday,3,False
922,2022-08-29,2022,8,29,Monday,3,False
923,2022-08-30,2022,8,30,Tuesday,3,False
924,2022-08-31,2022,8,31,Wednesday,3,True
925,2022-09-01,2022,9,1,Thursday,3,False
926,2022-09-02,2022,9,2,Friday,3,False
927,2022-09-06,2022,9,6,Tuesday,3,False
928,2022-09-07,2022,9,7,Wednesday,3,False
929,2022-09-08,2022,9,8,Thursday,3,False
930,2022-09-09,2022,9,9,Friday,3,False
931,2022-09-12,2022,9,12,Monday,3,False
932,2022-09-13,2022,9,13,Tuesday,3,False
933,2022-09-14,2022,9,14,Wednesday,3,False
934,2022-09-15,2022,9,15,Thursday,3,False
935,2022-09-16,2022,9,16,Friday,3,False
936,2022-09-19,2022,9,19,Monday,3,False
937,2022-09-20,2022,9,20,Tuesday,3,False
938,2022-09-21,2022,9,21,Wednesday,3,False
939,2022-09-22,2022,9,22,Thursday,3,False
940,2022-09-23,2022,9,23,Friday,3,False
941,2022-09-26,2022,9,26,Monday,3,False
942,2022-09-27,2022,9,27,Tuesday,3,False
943,2022-09-28,2022,9,28,Wednesday,3,False
944,2022-09-29,2022,9,29,Thursday,3,False
945,2022-09-30,2022,9,30,Friday,3,True
946,2022-10-03,2022,10,3,Monday,4,False
947,2022-10-04,2022,10,4,Tuesday,4,False
948,2022-10-05,2022,10,5,Wednesday,4,False
949,2022-10-06,2022,10,6,Thursday,4,False
950,2022-10-07,2022,10,7,Friday,4,False
951,2022-10-10,2022,10,10,Monday,4,False
952,2022-10-11,2022,10,11,Tuesday,4,False
953,2022-10-12,2022,10,12,Wednesday,4,False
954,2022-10-13,2022,10,13,Thursday,4,False
955,2022-10-14,2022,10,14,Friday,4,False
956,2022-10-17,2022,10,17,Monday,4,False
957,2022-10-18,2022,10,18,Tuesday,4,False
958,2022-10-19,2022,10,19,Wednesday,4,False
959,2022-10-20,2022,10,20,Thursday,4,False
960,2022-10-21,2022,10,21,Friday,4,False
961,2022-10-24,2022,10,24,Monday,4,False
962,2022-10-25,2022,10,25,Tuesday,4,False
963,2022-10-26,2022,10,26,Wednesday,4,False
964,2022-10-27,2022,10,27,Thursday,4,False
965,2022-10-28,2022,10,28,Friday,4,False
966,2022-10-31,2022,10,31,Monday,4,True
967,2022-11-01,2022,11,1,Tuesday,4,False
968,2022-11-02,2022,11,2,Wednesday,4,False
969,2022-11-03,2022,11,3,Thursday,4,False
970,2022-11-04,2022,11,4,Friday,4,False
971,2022-11-07,2022,11,7,Monday,4,False
972,2022-11-08,2022,11,8,Tuesday,4,False
973,2022-11-09,2022,11,9,Wednesday,4,False
974,2022-11-10,2022,11,10,Thursday,4,False
975,2022-11-11,2022,11,11,Friday,4,False
976,2022-11-14,2022,11,14,Monday,4,False
977,2022-11-15,2022,11,15,Tuesday,4,False
978,2022-11-16,2022,11,16,Wednesday,4,False
979,2022-11-17,2022,11,17,Thursday,4,False
980,2022-11-18,2022,11,18,Friday,4,False
981,2022-11-21,2022,11,21,Monday,4,False
982,2022-11-22,2022,11,22,Tuesday,4,False
983,2022-11-23,2022,11,23,Wednesday,4,False
984,2022-11-25,2022,11,25,Friday,4,False
985,2022-11-28,2022,11,28,Monday,4,False
986,2022-11-29,2022,11,29,Tuesday,4,False
987,2022-11-30,2022,11,30,Wednesday,4,True
988,2022-12-01,2022,12,1,Thursday,4,False
989,2022-12-02,2022,12,2,Friday,4,False
990,2022-12-05,2022,12,5,Monday,4,False
991,2022-12-06,2022,12,6,Tuesday,4,False
992,2022-12-07,2022,12,7,Wednesday,4,False
993,2022-12-08,2022,12,8,Thursday,4,False
994,2022-12-09,2022,12,9,Friday,4,False
995,2022-12-12,2022,12,12,Monday,4,False
996,2022-12-13,2022,12,13,Tuesday,4,False
997,2022-12-14,2022,12,14,Wednesday,4,False
998,2022-12-15,2022,12,15,Thursday,4,False
999,2022-12-16,2022,12,16,Friday,4,False
1000,2022-12-19,2022,12,19,Monday,4,False
1001,2022-12-20,2022,12,20,Tuesday,4,False
1002,2022-12-21,2022,12,21,Wednesday,4,False
1003,2022-12-22,2022,12,22,Thursday,4,False
1004,2022-12-23,2022,12,23,Friday,4,False
1005,2022-12-27,2022,12,27,Tuesday,4,False
1006,2022-12-28,2022,12,28,Wednesday,4,False
1007,2022-12-29,2022,12,29,Thursday,4,False
1008,2022-12-30,2022,12,30,Friday,4,False
1009,2023-01-03,2023,1,3,Tuesday,1,False
1010,2023-01-04,2023,1,4,Wednesday,1,False
1011,2023-01-05,2023,1,5,Thursday,1,False
1012,2023-01-06,2023,1,6,Friday,1,False
1013,2023-01-09,2023,1,9,Monday,1,False
1014,2023-01-10,2023,1,10,Tuesday,1,False
1015,2023-01-11,2023,1,11,Wednesday,1,False
1016,2023-01-12,2023,1,12,Thursday,1,False
1017,2023-01-13,2023,1,13,Friday,1,False
1018,2023-01-17,2023,1,17,Tuesday,1,False
1019,2023-01-18,2023,1,18,Wednesday,1,False
1020,2023-01-19,2023,1,19,Thursday,1,False
1021,2023-01-20,2023,1,20,Friday,1,False
1022,2023-01-23,2023,1,23,Monday,1,False
1023,2023-01-24,2023,1,24,Tuesday,1,False
1024,2023-01-25,2023,1,25,Wednesday,1,False
1025,2023-01-26,2023,1,26,Thursday,1,False
1026,2023-01-27,2023,1,27,Friday,1,False
1027,2023-01-30,2023,1,30,Monday,1,False
1028,2023-01-31,2023,1,31,Tuesday,1,True
1029,2023-02-01,2023,2,1,Wednesday,1,False
1030,2023-02-02,2023,2,2,Thursday,1,False
1031,2023-02-03,2023,2,3,Friday,1,False
1032,2023-02-06,2023,2,6,Monday,1,False
1033,2023-02-07,2023,2,7,Tuesday,1,False
1034,2023-02-08,2023,2,8,Wednesday,1,False
1035,2023-02-09,2023,2,9,Thursday,1,False
1036,2023-02-10,2023,2,10,Friday,1,False
1037,2023-02-13,2023,2,13,Monday,1,False
1038,2023-02-14,2023,2,14,Tuesday,1,False
1039,2023-02-15,2023,2,15,Wednesday,1,False
1040,2023-02-16,2023,2,16,Thursday,1,False
1041,2023-02-17,2023,2,17,Friday,1,False
1042,2023-02-21,2023,2,21,Tuesday,1,False
1043,2023-02-22,2023,2,22,Wednesday,1,False
1044,2023-02-23,2023,2,23,Thursday,1,False
1045,2023-02-24,2023,2,24,Friday,1,False
1046,2023-02-27,2023,2,27,Monday,1,False
1047,2023-02-28,2023,2,28,Tuesday,1,True
1048,2023-03-01,2023,3,1,Wednesday,1,False
1049,2023-03-02,2023,3,2,Thursday,1,False
1050,2023-03-03,2023,3,3,Friday,1,False
1051,2023-03-06,2023,3,6,Monday,1,False
1052,2023-03-07,2023,3,7,Tuesday,1,False
1053,2023-03-08,2023,3,8,Wednesday,1,False
1054,2023-03-09,2023,3,9,Thursday,1,False
1055,2023-03-10,2023,3,10,Friday,1,False
1056,2023-03-13,2023,3,13,Monday,1,False
1057,2023-03-14,2023,3,14,Tuesday,1,False
1058,2023-03-15,2023,3,15,Wednesday,1,False
1059,2023-03-16,2023,3,16,Thursday,1,False
1060,2023-03-17,2023,3,17,Friday,1,False
1061,2023-03-20,2023,3,20,Monday,1,False
1062,2023-03-21,2023,3,21,Tuesday,1,False
1063,2023-03-22,2023,3,22,Wednesday,1,False
1064,2023-03-23,2023,3,23,Thursday,1,False
1065,2023-03-24,2023,3,24,Friday,1,False
1066,2023-03-27,2023,3,27,Monday,1,False
1067,2023-03-28,2023,3,28,Tuesday,1,False
1068,2023-03-29,2023,3,29,Wednesday,1,False
1069,2023-03-30,2023,3,30,Thursday,1,False
1070,2023-03-31,2023,3,31,Friday,1,True
1071,2023-04-03,2023,4,3,Monday,2,False
1072,2023-04-04,2023,4,4,Tuesday,2,False
1073,2023-04-05,2023,4,5,Wednesday,2,False
1074,2023-04-06,2023,4,6,Thursday,2,False
1075,2023-04-10,2023,4,10,Monday,2,False
1076,2023-04-11,2023,4,11,Tuesday,2,False
1077,2023-04-12,2023,4,12,Wednesday,2,False
1078,2023-04-13,2023,4,13,Thursday,2,False
1079,2023-04-14,2023,4,14,Friday,2,False
1080,2023-04-17,2023,4,17,Monday,2,False
1081,2023-04-18,2023,4,18,Tuesday,2,False
1082,2023-04-19,2023,4,19,Wednesday,2,False
1083,2023-04-20,2023,4,20,Thursday,2,False
1084,2023-04-21,2023,4,21,Friday,2,False
1085,2023-04-24,2023,4,24,Monday,2,False
1086,2023-04-25,2023,4,25,Tuesday,2,False
1087,2023-04-26,2023,4,26,Wednesday,2,False
1088,2023-04-27,2023,4,27,Thursday,2,False
1089,2023-04-28,2023,4,28,Friday,2,False
1090,2023-05-01,2023,5,1,Monday,2,False
1091,2023-05-02,2023,5,2,Tuesday,2,False
1092,2023-05-03,2023,5,3,Wednesday,2,False
1093,2023-05-04,2023,5,4,Thursday,2,False
1094,2023-05-05,2023,5,5,Friday,2,False
1095,2023-05-08,2023,5,8,Monday,2,False
1096,2023-05-09,2023,5,9,Tuesday,2,False
1097,2023-05-10,2023,5,10,Wednesday,2,False
1098,2023-05-11,2023,5,11,Thursday,2,False
1099,2023-05-12,2023,5,12,Friday,2,False
1100,2023-05-15,2023,5,15,Monday,2,False
1101,2023-05-16,2023,5,16,Tuesday,2,False
1102,2023-05-17,2023,5,17,Wednesday,2,False
1103,2023-05-18,2023,5,18,Thursday,2,False
1104,2023-05-19,2023,5,19,Friday,2,False
1105,2023-05-22,2023,5,22,Monday,2,False
1106,2023-05-23,2023,5,23,Tuesday,2,False
1107,2023-05-24,2023,5,24,Wednesday,2,False
1108,2023-05-25,2023,5,25,Thursday,2,False
1109,2023-05-26,2023,5,26,Friday,2,False
1110,2023-05-30,2023,5,30,Tuesday,2,False
1111,2023-05-31,2023,5,31,Wednesday,2,True
1112,2023-06-01,2023,6,1,Thursday,2,False
1113,2023-06-02,2023,6,2,Friday,2,False
1114,2023-06-05,2023,6,5,Monday,2,False
1115,2023-06-06,2023,6,6,Tuesday,2,False
1116,2023-06-07,2023,6,7,Wednesday,2,False
1117,2023-06-08,2023,6,8,Thursday,2,False
1118,2023-06-09,2023,6,9,Friday,2,False
1119,2023-06-12,2023,6,12,Monday,2,False
1120,2023-06-13,2023,6,13,Tuesday,2,False
1121,2023-06-14,2023,6,14,Wednesday,2,False
1122,2023-06-15,2023,6,15,Thursday,2,False
1123,2023-06-16,2023,6,16,Friday,2,False
1124,2023-06-20,2023,6,20,Tuesday,2,False
1125,2023-06-21,2023,6,21,Wednesday,2,False
1126,2023-06-22,2023,6,22,Thursday,2,False
1127,2023-06-23,2023,6,23,Friday,2,False
1128,2023-06-26,2023,6,26,Monday,2,False
1129,2023-06-27,2023,6,27,Tuesday,2,False
1130,2023-06-28,2023,6,28,Wednesday,2,False
1131,2023-06-29,2023,6,29,Thursday,2,False
1132,2023-06-30,2023,6,30,Friday,2,True
1133,2023-07-03,2023,7,3,Monday,3,False
1134,2023-07-05,2023,7,5,Wednesday,3,False
1135,2023-07-06,2023,7,6,Thursday,3,False
1136,2023-07-07,2023,7,7,Friday,3,False
1137,2023-07-10,2023,7,10,Monday,3,False
1138,2023-07-11,2023,7,11,Tuesday,3,False
1139,2023-07-12,2023,7,12,Wednesday,3,False
1140,2023-07-13,2023,7,13,Thursday,3,False
1141,2023-07-14,2023,7,14,Friday,3,False
1142,2023-07-17,2023,7,17,Monday,3,False
1143,2023-07-18,2023,7,18,Tuesday,3,False
1144,2023-07-19,2023,7,19,Wednesday,3,False
1145,2023-07-20,2023,7,20,Thursday,3,False
1146,2023-07-21,2023,7,21,Friday,3,False
1147,2023-07-24,2023,7,24,Monday,3,False
1148,2023-07-25,2023,7,25,Tuesday,3,False
1149,2023-07-26,2023,7,26,Wednesday,3,False
1150,2023-07-27,2023,7,27,Thursday,3,False
1151,2023-07-28,2023,7,28,Friday,3,False
1152,2023-07-31,2023,7,31,Monday,3,True
1153,2023-08-01,2023,8,1,Tuesday,3,False
1154,2023-08-02,2023,8,2,Wednesday,3,False
1155,2023-08-03,2023,8,3,Thursday,3,False
1156,2023-08-04,2023,8,4,Friday,3,False
1157,2023-08-07,2023,8,7,Monday,3,False
1158,2023-08-08,2023,8,8,Tuesday,3,False
1159,2023-08-09,2023,8,9,Wednesday,3,False
1160,2023-08-10,2023,8,10,Thursday,3,False
1161,2023-08-11,2023,8,11,Friday,3,False
1162,2023-08-14,2023,8,14,Monday,3,False
1163,2023-08-15,2023,8,15,Tuesday,3,False
1164,2023-08-16,2023,8,16,Wednesday,3,False
1165,2023-08-17,2023,8,17,Thursday,3,False
1166,2023-08-18,2023,8,18,Friday,3,False
1167,2023-08-21,2023,8,21,Monday,3,False
1168,2023-08-22,2023,8,22,Tuesday,3,False
1169,2023-08-23,2023,8,23,Wednesday,3,False
1170,2023-08-24,2023,8,24,Thursday,3,False
1171,2023-08-25,2023,8,25,Friday,3,False
1172,2023-08-28,2023,8,28,Monday,3,False
1173,2023-08-29,2023,8,29,Tuesday,3,False
1174,2023-08-30,2023,8,30,Wednesday,3,False
1175,2023-08-31,2023,8,31,Thursday,3,True
1176,2023-09-01,2023,9,1,Friday,3,False
1177,2023-09-05,2023,9,5,Tuesday,3,False
1178,2023-09-06,2023,9,6,Wednesday,3,False
1179,2023-09-07,2023,9,7,Thursday,3,False
1180,2023-09-08,2023,9,8,Friday,3,False
1181,2023-09-11,2023,9,11,Monday,3,False
1182,2023-09-12,2023,9,12,Tuesday,3,False
1183,2023-09-13,2023,9,13,Wednesday,3,False
1184,2023-09-14,2023,9,14,Thursday,3,False
1185,2023-09-15,2023,9,15,Friday,3,False
1186,2023-09-18,2023,9,18,Monday,3,False
1187,2023-09-19,2023,9,19,Tuesday,3,False
1188,2023-09-20,2023,9,20,Wednesday,3,False
1189,2023-09-21,2023,9,21,Thursday,3,False
1190,2023-09-22,2023,9,22,Friday,3,False
1191,2023-09-25,2023,9,25,Monday,3,False
1192,2023-09-26,2023,9,26,Tuesday,3,False
1193,2023-09-27,2023,9,27,Wednesday,3,False
1194,2023-09-28,2023,9,28,Thursday,3,False
1195,2023-09-29,2023,9,29,Friday,3,False
1196,2023-10-02,2023,10,2,Monday,4,False
1197,2023-10-03,2023,10,3,Tuesday,4,False
1198,2023-10-04,2023,10,4,Wednesday,4,False
1199,2023-10-05,2023,10,5,Thursday,4,False
1200,2023-10-06,2023,10,6,Friday,4,False
1201,2023-10-09,2023,10,9,Monday,4,False
1202,2023-10-10,2023,10,10,Tuesday,4,False
1203,2023-10-11,2023,10,11,Wednesday,4,False
1204,2023-10-12,2023,10,12,Thursday,4,False
1205,2023-10-13,2023,10,13,Friday,4,False
1206,2023-10-16,2023,10,16,Monday,4,False
1207,2023-10-17,2023,10,17,Tuesday,4,False
1208,2023-10-18,2023,10,18,Wednesday,4,False
1209,2023-10-19,2023,10,19,Thursday,4,False
1210,2023-10-20,2023,10,20,Friday,4,False
1211,2023-10-23,2023,10,23,Monday,4,False
1212,2023-10-24,2023,10,24,Tuesday,4,False
1213,2023-10-25,2023,10,25,Wednesday,4,False
1214,2023-10-26,2023,10,26,Thursday,4,False
1215,2023-10-27,2023,10,27,Friday,4,False
1216,2023-10-30,2023,10,30,Monday,4,False
1217,2023-10-31,2023,10,31,Tuesday,4,True
1218,2023-11-01,2023,11,1,Wednesday,4,False
1219,2023-11-02,2023,11,2,Thursday,4,False
1220,2023-11-03,2023,11,3,Friday,4,False
1221,2023-11-06,2023,11,6,Monday,4,False
1222,2023-11-07,2023,11,7,Tuesday,4,False
1223,2023-11-08,2023,11,8,Wednesday,4,False
1224,2023-11-09,2023,11,9,Thursday,4,False
1225,2023-11-10,2023,11,10,Friday,4,False
1226,2023-11-13,2023,11,13,Monday,4,False
1227,2023-11-14,2023,11,14,Tuesday,4,False
1228,2023-11-15,2023,11,15,Wednesday,4,False
1229,2023-11-16,2023,11,16,Thursday,4,False
1230,2023-11-17,2023,11,17,Friday,4,False
1231,2023-11-20,2023,11,20,Monday,4,False
1232,2023-11-21,2023,11,21,Tuesday,4,False
1233,2023-11-22,2023,11,22,Wednesday,4,False
1234,2023-11-24,2023,11,24,Friday,4,False
1235,2023-11-27,2023,11,27,Monday,4,False
1236,2023-11-28,2023,11,28,Tuesday,4,False
1237,2023-11-29,2023,11,29,Wednesday,4,False
1238,2023-11-30,2023,11,30,Thursday,4,True
1239,2023-12-01,2023,12,1,Friday,4,False
1240,2023-12-04,2023,12,4,Monday,4,False
1241,2023-12-05,2023,12,5,Tuesday,4,False
1242,2023-12-06,2023,12,6,Wednesday,4,False
1243,2023-12-07,2023,12,7,Thursday,4,False
1244,2023-12-08,2023,12,8,Friday,4,False
1245,2023-12-11,2023,12,11,Monday,4,False
1246,2023-12-12,2023,12,12,Tuesday,4,False
1247,2023-12-13,2023,12,13,Wednesday,4,False
1248,2023-12-14,2023,12,14,Thursday,4,False
1249,2023-12-15,2023,12,15,Friday,4,False
1250,2023-12-18,2023,12,18,Monday,4,False
1251,2023-12-19,2023,12,19,Tuesday,4,False
1252,2023-12-20,2023,12,20,Wednesday,4,False
1253,2023-12-21,2023,12,21,Thursday,4,False
1254,2023-12-22,2023,12,22,Friday,4,False
1255,2023-12-26,2023,12,26,Tuesday,4,False
1256,2023-12-27,2023,12,27,Wednesday,4,False
1257,2023-12-28,2023,12,28,Thursday,4,False
1258,2023-12-29,2023,12,29,Friday,4,False
1259,2024-01-02,2024,1,2,Tuesday,1,False
1260,2024-01-03,2024,1,3,Wednesday,1,False
1261,2024-01-04,2024,1,4,Thursday,1,False
1262,2024-01-05,2024,1,5,Friday,1,False
1263,2024-01-08,2024,1,8,Monday,1,False
1264,2024-01-09,2024,1,9,Tuesday,1,False
1265,2024-01-10,2024,1,10,Wednesday,1,False
1266,2024-01-11,2024,1,11,Thursday,1,False
1267,2024-01-12,2024,1,12,Friday,1,False
1268,2024-01-16,2024,1,16,Tuesday,1,False
1269,2024-01-17,2024,1,17,Wednesday,1,False
1270,2024-01-18,2024,1,18,Thursday,1,False
1271,2024-01-19,2024,1,19,Friday,1,False
1272,2024-01-22,2024,1,22,Monday,1,False
1273,2024-01-23,2024,1,23,Tuesday,1,False
1274,2024-01-24,2024,1,24,Wednesday,1,False
1275,2024-01-25,2024,1,25,Thursday,1,False
1276,2024-01-26,2024,1,26,Friday,1,False
1277,2024-01-29,2024,1,29,Monday,1,False
1278,2024-01-30,2024,1,30,Tuesday,1,False
1279,2024-01-31,2024,1,31,Wednesday,1,True
1280,2024-02-01,2024,2,1,Thursday,1,False
1281,2024-02-02,2024,2,2,Friday,1,False
1282,2024-02-05,2024,2,5,Monday,1,False
1283,2024-02-06,2024,2,6,Tuesday,1,False
1284,2024-02-07,2024,2,7,Wednesday,1,False
1285,2024-02-08,2024,2,8,Thursday,1,False
1286,2024-02-09,2024,2,9,Friday,1,False
1287,2024-02-12,2024,2,12,Monday,1,False
1288,2024-02-13,2024,2,13,Tuesday,1,False
1289,2024-02-14,2024,2,14,Wednesday,1,False
1290,2024-02-15,2024,2,15,Thursday,1,False
1291,2024-02-16,2024,2,16,Friday,1,False
1292,2024-02-20,2024,2,20,Tuesday,1,False
1293,2024-02-21,2024,2,21,Wednesday,1,False
1294,2024-02-22,2024,2,22,Thursday,1,False
1295,2024-02-23,2024,2,23,Friday,1,False
1296,2024-02-26,2024,2,26,Monday,1,False
1297,2024-02-27,2024,2,27,Tuesday,1,False
1298,2024-02-28,2024,2,28,Wednesday,1,False
1299,2024-02-29,2024,2,29,Thursday,1,True
1300,2024-03-01,2024,3,1,Friday,1,False
1301,2024-03-04,2024,3,4,Monday,1,False
1302,2024-03-05,2024,3,5,Tuesday,1,False
1303,2024-03-06,2024,3,6,Wednesday,1,False
1304,2024-03-07,2024,3,7,Thursday,1,False
1305,2024-03-08,2024,3,8,Friday,1,False
1306,2024-03-11,2024,3,11,Monday,1,False
1307,2024-03-12,2024,3,12,Tuesday,1,False
1308,2024-03-13,2024,3,13,Wednesday,1,False
1309,2024-03-14,2024,3,14,Thursday,1,False
1310,2024-03-15,2024,3,15,Friday,1,False
1311,2024-03-18,2024,3,18,Monday,1,False
1312,2024-03-19,2024,3,19,Tuesday,1,False
1313,2024-03-20,2024,3,20,Wednesday,1,False
1314,2024-03-21,2024,3,21,Thursday,1,False
1315,2024-03-22,2024,3,22,Friday,1,False
1316,2024-03-25,2024,3,25,Monday,1,False
1317,2024-03-26,2024,3,26,Tuesday,1,False
1318,2024-03-27,2024,3,27,Wednesday,1,False
1319,2024-03-28,2024,3,28,Thursday,1,False
1320,2024-04-01,2024,4,1,Monday,2,False
1321,2024-04-02,2024,4,2,Tuesday,2,False
1322,2024-04-03,2024,4,3,Wednesday,2,False
1323,2024-04-04,2024,4,4,Thursday,2,False
1324,2024-04-05,2024,4,5,Friday,2,False
1325,2024-04-08,2024,4,8,Monday,2,False
1326,2024-04-09,2024,4,9,Tuesday,2,False
1327,2024-04-10,2024,4,10,Wednesday,2,False
1328,2024-04-11,2024,4,11,Thursday,2,False
1329,2024-04-12,2024,4,12,Friday,2,False
1330,2024-04-15,2024,4,15,Monday,2,False
1331,2024-04-16,2024,4,16,Tuesday,2,False
1332,2024-04-17,2024,4,17,Wednesday,2,False
1333,2024-04-18,2024,4,18,Thursday,2,False
1334,2024-04-19,2024,4,19,Friday,2,False
1335,2024-04-22,2024,4,22,Monday,2,False
1336,2024-04-23,2024,4,23,Tuesday,2,False
1337,2024-04-24,2024,4,24,Wednesday,2,False
1338,2024-04-25,2024,4,25,Thursday,2,False
1339,2024-04-26,2024,4,26,Friday,2,False
1340,2024-04-29,2024,4,29,Monday,2,False
1341,2024-04-30,2024,4,30,Tuesday,2,True
1342,2024-05-01,2024,5,1,Wednesday,2,False
1343,2024-05-02,2024,5,2,Thursday,2,False
1344,2024-05-03,2024,5,3,Friday,2,False
1345,2024-05-06,2024,5,6,Monday,2,False
1346,2024-05-07,2024,5,7,Tuesday,2,False
1347,2024-05-08,2024,5,8,Wednesday,2,False
1348,2024-05-09,2024,5,9,Thursday,2,False
1349,2024-05-10,2024,5,10,Friday,2,False
1350,2024-05-13,2024,5,13,Monday,2,False
1351,2024-05-14,2024,5,14,Tuesday,2,False
1352,2024-05-15,2024,5,15,Wednesday,2,False
1353,2024-05-16,2024,5,16,Thursday,2,False
1354,2024-05-17,2024,5,17,Friday,2,False
1355,2024-05-20,2024,5,20,Monday,2,False
1356,2024-05-21,2024,5,21,Tuesday,2,False
1357,2024-05-22,2024,5,22,Wednesday,2,False
1358,2024-05-23,2024,5,23,Thursday,2,False
1359,2024-05-24,2024,5,24,Friday,2,False
1360,2024-05-28,2024,5,28,Tuesday,2,False
1361,2024-05-29,2024,5,29,Wednesday,2,False
1362,2024-05-30,2024,5,30,Thursday,2,False
1363,2024-05-31,2024,5,31,Friday,2,True
1364,2024-06-03,2024,6,3,Monday,2,False
1365,2024-06-04,2024,6,4,Tuesday,2,False
1366,2024-06-05,2024,6,5,Wednesday,2,False
1367,2024-06-06,2024,6,6,Thursday,2,False
1368,2024-06-07,2024,6,7,Friday,2,False
1369,2024-06-10,2024,6,10,Monday,2,False
1370,2024-06-11,2024,6,11,Tuesday,2,False
1371,2024-06-12,2024,6,12,Wednesday,2,False
1372,2024-06-13,2024,6,13,Thursday,2,False
1373,2024-06-14,2024,6,14,Friday,2,False
1374,2024-06-17,2024,6,17,Monday,2,False
1375,2024-06-18,2024,6,18,Tuesday,2,False
1376,2024-06-20,2024,6,20,Thursday,2,False
1377,2024-06-21,2024,6,21,Friday,2,False
1378,2024-06-24,2024,6,24,Monday,2,False
1379,2024-06-25,2024,6,25,Tuesday,2,False
1380,2024-06-26,2024,6,26,Wednesday,2,False
1381,2024-06-27,2024,6,27,Thursday,2,False
1382,2024-06-28,2024,6,28,Friday,2,False
1383,2024-07-01,2024,7,1,Monday,3,False
1384,2024-07-02,2024,7,2,Tuesday,3,False
1385,2024-07-03,2024,7,3,Wednesday,3,False
1386,2024-07-05,2024,7,5,Friday,3,False
1387,2024-07-08,2024,7,8,Monday,3,False
1388,2024-07-09,2024,7,9,Tuesday,3,False
1389,2024-07-10,2024,7,10,Wednesday,3,False
1390,2024-07-11,2024,7,11,Thursday,3,False
1391,2024-07-12,2024,7,12,Friday,3,False
1392,2024-07-15,2024,7,15,Monday,3,False
1393,2024-07-16,2024,7,16,Tuesday,3,False
1394,2024-07-17,2024,7,17,Wednesday,3,False
1395,2024-07-18,2024,7,18,Thursday,3,False
1396,2024-07-19,2024,7,19,Friday,3,False
1397,2024-07-22,2024,7,22,Monday,3,False
1398,2024-07-23,2024,7,23,Tuesday,3,False
1399,2024-07-24,2024,7,24,Wednesday,3,False
1400,2024-07-25,2024,7,25,Thursday,3,False
1401,2024-07-26,2024,7,26,Friday,3,False
1402,2024-07-29,2024,7,29,Monday,3,False
1403,2024-07-30,2024,7,30,Tuesday,3,False
1404,2024-07-31,2024,7,31,Wednesday,3,True
1405,2024-08-01,2024,8,1,Thursday,3,False
1406,2024-08-02,2024,8,2,Friday,3,False
1407,2024-08-05,2024,8,5,Monday,3,False
1408,2024-08-06,2024,8,6,Tuesday,3,False
1409,2024-08-07,2024,8,7,Wednesday,3,False
1410,2024-08-08,2024,8,8,Thursday,3,False
1411,2024-08-09,2024,8,9,Friday,3,False
1412,2024-08-12,2024,8,12,Monday,3,False
1413,2024-08-13,2024,8,13,Tuesday,3,False
1414,2024-08-14,2024,8,14,Wednesday,3,False
1415,2024-08-15,2024,8,15,Thursday,3,False
1416,2024-08-16,2024,8,16,Friday,3,False
1417,2024-08-19,2024,8,19,Monday,3,False
1418,2024-08-20,2024,8,20,Tuesday,3,False
1419,2024-08-21,2024,8,21,Wednesday,3,False
1420,2024-08-22,2024,8,22,Thursday,3,False
1421,2024-08-23,2024,8,23,Friday,3,False
1422,2024-08-26,2024,8,26,Monday,3,False
1423,2024-08-27,2024,8,27,Tuesday,3,False
1424,2024-08-28,2024,8,28,Wednesday,3,False
1425,2024-08-29,2024,8,29,Thursday,3,False
1426,2024-08-30,2024,8,30,Friday,3,False
1427,2024-09-03,2024,9,3,Tuesday,3,False
1428,2024-09-04,2024,9,4,Wednesday,3,False
1429,2024-09-05,2024,9,5,Thursday,3,False
1430,2024-09-06,2024,9,6,Friday,3,False
1431,2024-09-09,2024,9,9,Monday,3,False
1432,2024-09-10,2024,9,10,Tuesday,3,False
1433,2024-09-11,2024,9,11,Wednesday,3,False
1434,2024-09-12,2024,9,12,Thursday,3,False
1435,2024-09-13,2024,9,13,Friday,3,False
1436,2024-09-16,2024,9,16,Monday,3,False
1437,2024-09-17,2024,9,17,Tuesday,3,False
1438,2024-09-18,2024,9,18,Wednesday,3,False
1439,2024-09-19,2024,9,19,Thursday,3,False
1440,2024-09-20,2024,9,20,Friday,3,False
1441,2024-09-23,2024,9,23,Monday,3,False
1442,2024-09-24,2024,9,24,Tuesday,3,False
1443,2024-09-25,2024,9,25,Wednesday,3,False
1444,2024-09-26,2024,9,26,Thursday,3,False
1445,2024-09-27,2024,9,27,Friday,3,False
1446,2024-09-30,2024,9,30,Monday,3,True
1447,2024-10-01,2024,10,1,Tuesday,4,False
1448,2024-10-02,2024,10,2,Wednesday,4,False
1449,2024-10-03,2024,10,3,Thursday,4,False
1450,2024-10-04,2024,10,4,Friday,4,False
1451,2024-10-07,2024,10,7,Monday,4,False
1452,2024-10-08,2024,10,8,Tuesday,4,False
1453,2024-10-09,2024,10,9,Wednesday,4,False
1454,2024-10-10,2024,10,10,Thursday,4,False
1455,2024-10-11,2024,10,11,Friday,4,False
1456,2024-10-14,2024,10,14,Monday,4,False
1457,2024-10-15,2024,10,15,Tuesday,4,False
1458,2024-10-16,2024,10,16,Wednesday,4,False
1459,2024-10-17,2024,10,17,Thursday,4,False
1460,2024-10-18,2024,10,18,Friday,4,False
1461,2024-10-21,2024,10,21,Monday,4,False
1462,2024-10-22,2024,10,22,Tuesday,4,False
1463,2024-10-23,2024,10,23,Wednesday,4,False
1464,2024-10-24,2024,10,24,Thursday,4,False
1465,2024-10-25,2024,10,25,Friday,4,False
1466,2024-10-28,2024,10,28,Monday,4,False
1467,2024-10-29,2024,10,29,Tuesday,4,False
1468,2024-10-30,2024,10,30,Wednesday,4,False
1469,2024-10-31,2024,10,31,Thursday,4,True
1470,2024-11-01,2024,11,1,Friday,4,False
1471,2024-11-04,2024,11,4,Monday,4,False
1472,2024-11-05,2024,11,5,Tuesday,4,False
1473,2024-11-06,2024,11,6,Wednesday,4,False
1474,2024-11-07,2024,11,7,Thursday,4,False
1475,2024-11-08,2024,11,8,Friday,4,False
1476,2024-11-11,2024,11,11,Monday,4,False
1477,2024-11-12,2024,11,12,Tuesday,4,False
1478,2024-11-13,2024,11,13,Wednesday,4,False
1479,2024-11-14,2024,11,14,Thursday,4,False
1480,2024-11-15,2024,11,15,Friday,4,False
1481,2024-11-18,2024,11,18,Monday,4,False
1482,2024-11-19,2024,11,19,Tuesday,4,False
1483,2024-11-20,2024,11,20,Wednesday,4,False
1484,2024-11-21,2024,11,21,Thursday,4,False
1485,2024-11-22,2024,11,22,Friday,4,False
1486,2024-11-25,2024,11,25,Monday,4,False
1487,2024-11-26,2024,11,26,Tuesday,4,False
1488,2024-11-27,2024,11,27,Wednesday,4,False
1489,2024-11-29,2024,11,29,Friday,4,False
1490,2024-12-02,2024,12,2,Monday,4,False
1491,2024-12-03,2024,12,3,Tuesday,4,False
1492,2024-12-04,2024,12,4,Wednesday,4,False
1493,2024-12-05,2024,12,5,Thursday,4,False
1494,2024-12-06,2024,12,6,Friday,4,False
1495,2024-12-09,2024,12,9,Monday,4,False
1496,2024-12-10,2024,12,10,Tuesday,4,False
1497,2024-12-11,2024,12,11,Wednesday,4,False
1498,2024-12-12,2024,12,12,Thursday,4,False
1499,2024-12-13,2024,12,13,Friday,4,False
1500,2024-12-16,2024,12,16,Monday,4,False
1501,2024-12-17,2024,12,17,Tuesday,4,False
1502,2024-12-18,2024,12,18,Wednesday,4,False
1503,2024-12-19,2024,12,19,Thursday,4,False
1504,2024-12-20,2024,12,20,Friday,4,False
1505,2024-12-23,2024,12,23,Monday,4,False
1506,2024-12-24,2024,12,24,Tuesday,4,False
1507,2024-12-26,2024,12,26,Thursday,4,False
1508,2024-12-27,2024,12,27,Friday,4,False
1509,2024-12-30,2024,12,30,Monday,4,False
1510,2024-12-31,2024,12,31,Tuesday,4,True
